Days,Days,du,airport,gabtoli,gulshan,jatrabari,mdpur,mirpur10,motijhil,old dhaka,tejgoan,,,,,,,,,,,,,,,
Sat,1,331.71875,174.8229167,304.4105263,309.2736842,400.0842105,403.03125,317.2083333,404.1979167,513.0833333,459.8020833,,,,,,,,,,,,,,,
Sun,2,325.0729167,175.3020833,306.8105263,306.0947368,398.0421053,397.9791667,325.9166667,399.7083333,509.9166667,452.7291667,,,,,,,,,,,,,,,
Mon,3,311.6458333,176.3645833,308.1894737,310.9368421,404.1578947,402.25,333.4583333,402.6041667,509.1875,452.8333333,,,,,,,,,,,,,,,
Tue,4,336.28125,177.5,306.4842105,307.4736842,404.1578947,403.6666667,328,402.0729167,514.7395833,456.2708333,,,,,,,,,,,,,,,
Wed,5,323.28125,165.1770833,307.0947368,310.3894737,410.6526316,400.21875,330.96875,396.4166667,515.2708333,456,,,,,,,,,,,,,,,
Thu,6,295.65625,175.78125,294.2631579,292.2210526,388.9263158,367.1145833,331.71875,367.2083333,461.4479167,399.5729167,,,,,,,,,,,,,,,
Fri,7,326.09375,175.5,300.8210526,299.4315789,401.1157895,389.4375,330.9375,386.2604167,492.40625,429.3541667,,,,,Day,du,airport,gabtoli,gulshan,jatrabari,mdpur,mirpur10,motijhil,old dhaka,tejgoan
Sat,8,333.6041667,174.3020833,303.9473684,309.0631579,399.8526316,403.3229167,317.8541667,404.1979167,513.0833333,459.6354167,,,,,Sat,342.7481642,176.8142689,302.815293,302.7142006,399.4242304,397.9410377,319.7588444,405.1282367,498.3168457,426.2866528
Sun,9,326.7604167,175.84375,306.2947368,306.1263158,397.0421053,400.59375,325.9166667,401.6354167,509.9166667,452.7291667,,,,,Sun,336.6740785,179.2385817,302.3759109,303.4852227,397.4617409,393.1644631,326.7864583,404.8573718,496.4961939,420.2355769
Mon,10,313.0520833,175.78125,308.2631579,309.2210526,404.6631579,402.25,333.4583333,400.78125,509.15625,452.8333333,,,,,Mon,326.0394631,178.7622195,304.4653846,303.7661943,398.2068826,398.650641,330.6630609,400.9346955,494.2714343,420.9316907
Tue,11,336.2916667,177.5,305.9578947,307.7894737,402.7684211,403.7708333,329.15625,403.8958333,514.7395833,456.2708333,,,,,Tue,348.3585737,178.2315705,307.2103239,307.1228745,400.7712551,398.1764824,330.3926282,404.9597356,496.8405449,422.7682292
Wed,12,323.28125,165.1770833,306.6736842,308.8315789,409.4,400.21875,332.0208333,396.4166667,515.2708333,456,,,,,Wed,333.3764022,165.8846154,306.5338057,308.7518219,402.3273279,397.4304888,330.3108974,401.2063301,499.3313301,420.9909856
Thu,13,295.1666667,175.78125,295.5263158,293.1894737,390.9578947,367.125,332.8541667,366.4270833,461.4479167,399.9375,,,,,Thu,305.1474359,175.827524,306.8293522,308.2242915,404.8257085,384.979367,332.5322516,371.8946314,456.5026042,365.4553285
Fri,14,326.09375,175.5,299.2526316,297.5684211,399.8842105,389.53125,331.9479167,386.2604167,492.40625,429.3541667,,,,,Fri,335.2250921,175.6097756,303.8759109,304.7516194,400.6465587,394.4088542,330.0016026,391.4269768,477.3591747,395.4253785
Sat,15,333.5416667,174.8541667,303.6842105,307.6105263,399.2842105,403.125,317.8541667,404.1979167,512.9791667,461.2708333,,,,,,,,,,,,,,,
Sun,16,326.7604167,175.3020833,305.8421053,306.6947368,396.4631579,400.8541667,326.6458333,401.6354167,509.9166667,454.46875,,,,,,,,,,,,,,,
Mon,17,313.0520833,176.3020833,308.1263158,309.3368421,403.7263158,402.8020833,332.1875,400.78125,509.1875,454.625,,,,,,,,,,,,,,,
Tue,18,334.4166667,177.4895833,306.1473684,308.1894737,404.2421053,403.7708333,329.15625,403.8958333,514.7395833,458.1041667,,,,,,,,,,,,,,,
Wed,19,323.28125,165.1979167,306.3263158,308.5684211,407.7578947,400.0208333,330.96875,396.4166667,515.2708333,457.6041667,,,,,,,,,,,,,,,
Thu,20,295.65625,175.9791667,297.4421053,295.2842105,394.3789474,366.9270833,331.71875,374.8229167,461.4479167,399.9375,,,,,,,,,,,,,,,
Fri,21,324.53125,175.9583333,299.2631579,297.5894737,398.3052632,389.5208333,330.9375,480,492.40625,429.3541667,,,,,,,,,,,,,,,
Sat,22,333.5416667,174.5729167,303.3052632,307.2210526,399.9684211,403.1458333,317.2083333,480,513.0833333,459.8020833,,,,,,,,,,,,,,,
Sun,23,325.0729167,175.6041667,306.1473684,305.6947368,396.9894737,400.8541667,325.9166667,475.9166667,509.9166667,454.46875,,,,,,,,,,,,,,,
Mon,24,311.6458333,176.0208333,308.3789474,309.1684211,403.4947368,402.7708333,332.1875,400.78125,509.1875,452.8229167,,,,,,,,,,,,,,,
Tue,25,334.3854167,177.3541667,306.6736842,307.5157895,404.5473684,403.8020833,328,402.0729167,514.6041667,458.1041667,,,,,,,,,,,,,,,
Wed,26,321.7708333,165.2395833,306.2315789,309.2,406.1473684,400.0208333,332.0208333,396.4166667,515.3020833,457.6041667,,,,,,,,,,,,,,,
Thu,27,295.03125,175.4375,299.4736842,296.8315789,399.1368421,366.9479167,331.71875,367.2083333,461.4479167,399.5729167,,,,,,,,,,,,,,,
Fri,28,326.09375,171.1041667,297.8736842,297.6421053,395.6105263,389.6666667,331.9479167,384.8958333,492.40625,429.3541667,,,,,,,,,,,,,,,
Sat,29,333.5416667,196,303.1263158,307.0631579,399.5789474,402.9270833,317.8541667,406.1666667,513.0833333,461.2708333,,,,,,,,,,,,,,,
Sun,30,326.7604167,175.4270833,306.1263158,306.8,397.5894737,400.4270833,326.6458333,399.7083333,509.8541667,454.46875,,,,,,,,,,,,,,,
Mon,31,312.8125,175.65625,309.2526316,307.8736842,393.9368421,403.5729167,262.96875,399.2916667,510.4583333,454.6145833,,,,,,,,,,,,,,,
Tue,32,334.4166667,176.9895833,307.1368421,308.1157895,384.9684211,403.6875,400.125,403.8958333,514.7395833,456.2708333,,,,,,,,,,,,,,,
Wed,33,321.7708333,165.1458333,306.0421053,309.2421053,388.3368421,399.875,261.2395833,396.4166667,515.2708333,457.6041667,,,,,,,,,,,,,,,
Thu,34,295.03125,175.3854167,302,298.5684211,386.3894737,367.125,400.6770833,367.2083333,461.4479167,399.9375,,,,,,,,,,,,,,,
Fri,35,324.53125,176.3958333,296.5368421,296.4210526,374.7368421,389.625,263.1875,384.8958333,492.40625,429.3541667,,,,,,,,,,,,,,,
Sat,36,333.5416667,175.2291667,303.0421053,307.8315789,381.5052632,403.2083333,398.59375,404.1979167,513.0833333,461.2708333,,,,,,,,,,,,,,,
Sun,37,326.7604167,175.65625,306.0631579,305.2631579,385.1894737,400.78125,258.9166667,399.7083333,509.9166667,454.46875,,,,,,,,,,,,,,,
Mon,38,313.0520833,176.1875,308.3894737,308.6,387.9473684,402.7916667,390.1458333,402.6041667,509.1875,452.75,,,,,,,,,,,,,,,
Tue,39,336.28125,177.5104167,307.2947368,309.2421053,385.5789474,403.7083333,261.3854167,403.8958333,514.7395833,456.2708333,,,,,,,,,,,,,,,
Wed,40,323.28125,165.4166667,305.7263158,309.5789474,388.3052632,399.875,397.09375,396.4166667,515.2708333,457.6041667,,,,,,,,,,,,,,,
Thu,41,294.9479167,175.34375,304.7578947,302.0842105,392.2842105,367.1041667,259.3645833,366.4270833,461.4479167,399.9375,,,,,,,,,,,,,,,
Fri,42,326.09375,176.3958333,294.1368421,295.0736842,369.6631579,389.59375,390.9375,386.2604167,492.40625,429.3541667,,,,,,,,,,,,,,,
Sat,43,333.5416667,175.2291667,303.3578947,304.7578947,381.4315789,403.1770833,256,406.1666667,513.0416667,459.8020833,,,,,,,,,,,,,,,
Sun,44,325.0729167,175.65625,305.4947368,306.9157895,386.0315789,400.7604167,398.8958333,399.7083333,509.9166667,452.7291667,,,,,,,,,,,,,,,
Mon,45,311.625,175.65625,308.0210526,307.5263158,387.7473684,402.5208333,264.25,400.78125,509.1875,454.625,,,,,,,,,,,,,,,
Tue,46,334.3125,176.9895833,307.3473684,309.3578947,385.7473684,403.8854167,400.125,402.0729167,514.7395833,456.2708333,,,,,,,,,,,,,,,
Wed,47,323.28125,165.1458333,305.2315789,309.1684211,386,399.875,260.0833333,398.2395833,515.2708333,456,,,,,,,,,,,,,,,
Thu,48,295.65625,175.3645833,306.4947368,305.7052632,396.4526316,367.3020833,400.6770833,366.4270833,461.4479167,399.9375,,,,,,,,,,,,,,,
Fri,49,326.09375,175.9583333,292.2947368,293.2947368,366.9789474,389.6458333,264.1979167,384.6458333,492.40625,429.3541667,,,,,,,,,,,,,,,
Sat,50,331.71875,174.6666667,303.4842105,303.8105263,380.2421053,403.1875,398.59375,410.9791667,513.0833333,459.8020833,,,,,,,,,,,,,,,
Sun,51,326.7604167,175.8958333,304.9789474,306.1052632,386.7578947,400.8958333,258.9166667,486,509.9166667,454.46875,,,,,,,,,,,,,,,
Mon,52,311.6666667,176.3854167,308.1578947,308.3684211,386.2105263,402.5208333,390.1458333,486,509.1875,454.625,,,,,,,,,,,,,,,
Tue,53,334.3125,177.4375,307.6526316,307.6947368,385.9789474,403.8958333,260.375,486,514.7395833,458.1041667,,,,,,,,,,,,,,,
Wed,54,323.28125,164.8854167,305.4842105,309.1368421,386.1894737,399.8541667,397.09375,486,515.2708333,457.6041667,,,,,,,,,,,,,,,
Thu,55,295.65625,175.4270833,308.0210526,309.4,400.2736842,367.2604167,259.9895833,486,461.4479167,399.9375,,,,,,,,,,,,,,,
Fri,56,324.4895833,175.78125,291,292.0315789,364.1368421,389.7291667,390.9375,486,492.40625,429.3541667,,,,,,,,,,,,,,,
Sat,57,333.5416667,175.1666667,304.1368421,302.4210526,380.8736842,403.1770833,256,486,513.0833333,459.8020833,,,,,,,,,,,,,,,
Sun,58,326.8125,175.3333333,304.9789474,307.4421053,387.6315789,400.8645833,398.8958333,486,509.9166667,454.4479167,,,,,,,,,,,,,,,
Mon,59,312.9166667,175.4479167,309.1684211,306.5368421,389.9789474,403.90625,264.46875,399.2916667,510.46875,352.7604167,,,,,,,,,,,,,,,
Tue,60,334.6145833,176.8541667,308.5578947,308.2421053,409.3263158,404.1666667,400.125,402.0729167,514.7395833,352.4270833,,,,,,,,,,,,,,,
Wed,61,322.0520833,165.46875,306.0210526,309.9368421,408.7157895,400.78125,261.2395833,396.4166667,515.2708333,352.9375,,,,,,,,,,,,,,,
Thu,62,295.3020833,175.59375,309.2,313.5157895,422.9052632,368.3020833,400.6770833,367.2083333,461.4479167,309.5104167,,,,,,,,,,,,,,,
Fri,63,324.875,176.1666667,291.2,291.8736842,386.0105263,390.3125,264.1979167,384.8958333,492.40625,331.7291667,,,,,,,,,,,,,,,
Sat,64,332.0520833,174.7395833,302.7894737,298.3578947,404.0105263,403.7291667,398.59375,406.1666667,513.0833333,355.78125,,,,,,,,,,,,,,,
Sun,65,325.4583333,175.0729167,304.9578947,308.4631579,404.9157895,401.2291667,258.9166667,399.7083333,509.9166667,352.0104167,,,,,,,,,,,,,,,
Mon,66,311.78125,175.9583333,308.6,308.5473684,407.5368421,403.0520833,390.1458333,400.78125,509.1875,353.15625,,,,,,,,,,,,,,,
Tue,67,334.6145833,176.8541667,308.9052632,308.9473684,408.0526316,404.1458333,261.3854167,403.8958333,514.7395833,351.8854167,,,,,,,,,,,,,,,
Wed,68,322.0520833,165.46875,306.4526316,309.5894737,409.8631579,400.8125,397.09375,398.2395833,515.2708333,352.875,,,,,,,,,,,,,,,
Thu,69,295.3020833,175.59375,310.6210526,315.5894737,422.0631579,368.3125,260.6354167,367.2083333,461.4479167,308.9583333,,,,,,,,,,,,,,,
Fri,70,324.875,176.1666667,292.4,291.8947368,387.6315789,390.28125,390.9375,384.8958333,492.40625,331.5208333,,,,,,,,,,,,,,,
Sat,71,332.0520833,174.7395833,302.0105263,297.6526316,404.5052632,403.7395833,256.7291667,406.1666667,513.0833333,354.7395833,,,,,,,,,,,,,,,
Sun,72,325.46875,175.6041667,305.2631579,308.9684211,406.2526316,401.2395833,398.8958333,399.7083333,510.15625,350.4583333,,,,,,,,,,,,,,,
Mon,73,311.78125,175.9583333,309.2947368,308.5473684,407.2842105,403.2291667,265.5208333,400.78125,509.1145833,352.75,,,,,,,,,,,,,,,
Tue,74,334.6145833,176.8541667,309.5789474,311.1263158,408.9052632,404.3854167,400.125,403.8958333,516.6354167,351.7083333,,,,,,,,,,,,,,,
Wed,75,322.0520833,165.15625,307.0421053,311.0315789,410.6947368,400.3645833,261.2395833,396.4166667,515.28125,352.5833333,,,,,,,,,,,,,,,
Thu,76,295.3020833,175.0729167,310.9368421,316.8842105,421.6736842,368.15625,400.6770833,366.4270833,461.3958333,309.1875,,,,,,,,,,,,,,,
Fri,77,324.875,175.7916667,293.4421053,293.3368421,389.0947368,390.2395833,265.25,386.2604167,494.28125,331.40625,,,,,,,,,,,,,,,
Sat,78,332.0520833,174.2395833,303.1157895,299.4421053,405.6421053,403.8958333,398.59375,412.28125,513.0833333,354.4791667,,,,,,,,,,,,,,,
Sun,79,325.46875,175.5104167,306.1263158,310.5368421,406.7052632,401.21875,259.5625,496,509.9166667,350.4791667,,,,,,,,,,,,,,,
Mon,80,311.78125,175.4895833,308.3157895,308.8736842,406.0947368,403.21875,390.1458333,496,509.1875,352.15625,,,,,,,,,,,,,,,
Tue,81,334.6145833,177.21875,310.8315789,310.4421053,409.9052632,404.40625,260.375,496,514.6458333,351.9479167,,,,,,,,,,,,,,,
Wed,82,322.0520833,165.0520833,308.3052632,309.5368421,411.6,400.3645833,397.09375,496,515.2708333,352.6979167,,,,,,,,,,,,,,,
Thu,83,295.3020833,175.0729167,309.9052632,315.4736842,420.2526316,368.1770833,260.6354167,496,461.4479167,309.6875,,,,,,,,,,,,,,,
Fri,84,324.875,175.625,293.9578947,293.8421053,390.4,390.28125,390.9375,496,492.3854167,330.78125,,,,,,,,,,,,,,,
Sat,85,332.0520833,174.1875,304.3368421,300,406.2526316,403.875,256.7291667,496,513.0520833,355.0625,,,,,,,,,,,,,,,
Sun,86,325.46875,175.2395833,305.5578947,309.3578947,407.2315789,401.21875,398.8958333,496,509.9166667,351.1458333,,,,,,,,,,,,,,,
Mon,87,311.78125,206,307.7894737,308.3894737,404.5157895,402.8020833,264.25,496,509.15625,353.4375,,,,,,,,,,,,,,,
Tue,88,334.6145833,206,309.8,311.9157895,409.5578947,404.0729167,400.125,496,514.7395833,351.5416667,,,,,,,,,,,,,,,
Wed,89,322.0520833,165.1875,307.9473684,309.9263158,410.5684211,400.3333333,261.2395833,496,515.28125,352.75,,,,,,,,,,,,,,,
Thu,90,296.3645833,175.0104167,308.8,311.7052632,415.7684211,368.15625,400.6770833,362.2708333,462.4166667,309.4375,,,,,,,,,,,,,,,
Fri,91,324.6145833,175.8333333,294.2315789,292.5368421,370.4736842,389.8020833,264.1979167,381.03125,492.40625,331.6041667,,,,,,,,,,,,,,,
Sat,92,331.8125,174.3958333,303.4105263,299.4526316,385.9789474,403.1458333,398.59375,401.59375,513.0833333,355.84375,,,,,,,,,,,,,,,
Sun,93,325.5104167,175.7083333,304.8842105,309.3684211,384.7789474,401.8020833,260.6979167,396.3333333,509.9166667,350.53125,,,,,,,,,,,,,,,
Mon,94,312,175.6145833,307.1368421,307.4947368,385.5894737,402.59375,390.1458333,398.375,509.1875,353.9791667,,,,,,,,,,,,,,,
Tue,95,334.53125,177.375,308.5263158,310.4421053,387.5578947,403.65625,260.375,397.1875,514.7395833,352.4166667,,,,,,,,,,,,,,,
Wed,96,322.2708333,165.3333333,307.1052632,308.7473684,386.5368421,401.0520833,397.09375,397.40625,515.2708333,353.0625,,,,,,,,,,,,,,,
Thu,97,295.28125,175.53125,307.5684211,311.6526316,393.9368421,367.6145833,259.9895833,360.875,461.4479167,145.5520833,,,,,,,,,,,,,,,
Fri,98,324.6145833,175.8333333,294.2210526,291.2105263,370.9052632,390.6979167,390.9375,383.0729167,492.40625,331.1875,,,,,,,,,,,,,,,
Sat,99,331.8229167,174.8958333,301.4736842,299.8105263,385.7578947,404.375,256,403.5625,513.0833333,355.9791667,,,,,,,,,,,,,,,
Sun,100,325.5104167,175.7083333,304.2105263,309.8421053,383.4210526,400.6458333,398.8958333,396.7395833,509.9166667,351.1041667,,,,,,,,,,,,,,,
Mon,101,312,175.7708333,306.6,306.1052632,384.2315789,402.59375,264.25,400.4583333,509.1875,353.2395833,,,,,,,,,,,,,,,
Tue,102,334.53125,176.875,308.1578947,310.7263158,388.5473684,405.0729167,400.125,397.9479167,514.7395833,351.9791667,,,,,,,,,,,,,,,
Wed,103,322.2708333,165.4166667,306.0421053,308.4,385.3473684,399.8854167,260.0833333,396.6458333,515.2708333,353.6666667,,,,,,,,,,,,,,,
Thu,104,295.28125,175.53125,306.8,310.7894737,392.6105263,367.9270833,400.6770833,364.8541667,461.4479167,310.09375,,,,,,,,,,,,,,,
Fri,105,324.6145833,175.4479167,294.9052632,292.3052632,373.0210526,386.7604167,265.25,382.0833333,492.40625,332.375,,,,,,,,,,,,,,,
Sat,106,331.8020833,174.9270833,300.1157895,298.8105263,384.5789474,461,398.59375,401.1041667,513.0833333,356.9166667,,,,,,,,,,,,,,,
Sun,107,325.5104167,175.75,303.8842105,308.2105263,382.1157895,461,259.5625,395.21875,509.9166667,350.6354167,,,,,,,,,,,,,,,
Mon,108,312,176.1666667,306.1263158,307.1157895,383.0842105,461,390.1458333,266.65625,509.1875,353.375,,,,,,,,,,,,,,,
Tue,109,334.53125,176.8854167,308.1157895,309.7157895,387.5578947,461,261.3854167,273,514.7395833,352.40625,,,,,,,,,,,,,,,
Wed,110,322.2708333,165.2708333,305.9263158,307.9157895,383.7157895,461,397.09375,273,515.2708333,354.8854167,,,,,,,,,,,,,,,
Thu,111,295.28125,175.90625,306.4631579,309.2736842,390.9368421,461,259.9895833,273,461.4270833,310.0104167,,,,,,,,,,,,,,,
Fri,112,324.6145833,175.59375,296.1684211,293.8947368,375.8421053,461,390.9375,273,492.1770833,332.9583333,,,,,,,,,,,,,,,
Sat,113,331.8229167,174.5104167,298.8315789,297.3578947,383.0526316,461,256,273,513.0833333,356.7291667,,,,,,,,,,,,,,,
Sun,114,325.5104167,175.03125,303.4631579,306.1368421,382.7789474,461,398.8958333,273,509.9166667,352.3541667,,,,,,,,,,,,,,,
Mon,115,312,175.3333333,306.1263158,306.0526316,383.9157895,461,264.25,273,509.1875,352.7708333,,,,,,,,,,,,,,,
Tue,116,334.53125,174.5729167,308.1684211,309.6631579,387.4105263,461,400.125,273,514.6041667,354.25,,,,,,,,,,,,,,,
Wed,117,322.2708333,208,306.5263158,307.2736842,385.1578947,461,261.2395833,273,515.2708333,353.53125,,,,,,,,,,,,,,,
Thu,118,295.2604167,208,306.2947368,308.8736842,391.2631579,461,400.6770833,273,461.4270833,309.9791667,,,,,,,,,,,,,,,
Fri,119,324.6145833,175.9166667,298.2421053,295.8,379.6105263,461,285.3333333,273,492.40625,332.6354167,,,,,,,,,,,,,,,
Sat,120,333.0625,175.1666667,298.1052632,297.7894737,380.1789474,406.15625,317.8229167,402.75,514.40625,459.0625,,,,,,,,,,,,,,,
Sun,121,325.4895833,175.7083333,303.6736842,305.5578947,395.7263158,400.375,326.28125,399.7083333,509.7916667,452.7291667,,,,,,,,,,,,,,,
Mon,122,312,176.28125,306.1789474,305.5157895,400.3052632,402.46875,333.8958333,402.6041667,509.1875,452.8333333,,,,,,,,,,,,,,,
Tue,123,334.5208333,177.0625,308.4421053,310,406.3368421,403.5833333,328.9270833,402.0729167,514.7395833,458.1041667,,,,,,,,,,,,,,,
Wed,124,322.2708333,165.1875,306.7894737,307.9052632,407.2842105,400.9375,332.9895833,396.4166667,515.2708333,456,,,,,,,,,,,,,,,
Thu,125,295.2708333,176.09375,306.2210526,310.3473684,408.6421053,367.8229167,331.8020833,367.2083333,461.375,399.9375,,,,,,,,,,,,,,,
Fri,126,324.6145833,176.2708333,300.6736842,297.2,403.3684211,390.40625,332.2708333,386.2604167,492.40625,428.4791667,,,,,,,,,,,,,,,
Sat,127,331.8229167,174.6458333,297.3157895,296.6421053,397.2,404.7395833,317.8229167,404.1979167,513.0833333,461.2708333,,,,,,,,,,,,,,,
Sun,128,325.5104167,175.7083333,303.1157895,308.5157895,402.5473684,401.5208333,326.28125,399.7083333,509.9166667,454.46875,,,,,,,,,,,,,,,
Mon,129,312,175.6875,306.0842105,306.5052632,400.4,402.46875,333.8958333,400.78125,509.1875,454.625,,,,,,,,,,,,,,,
Tue,130,334.5208333,177.4895833,308.5894737,309.6105263,406.3157895,404.9375,328.9270833,403.8958333,514.7395833,458.1041667,,,,,,,,,,,,,,,
Wed,131,322.2708333,165.1875,307.3052632,309.1789474,406.8315789,400.9375,332.9895833,398.1979167,515.1770833,457.6041667,,,,,,,,,,,,,,,
Thu,132,295.28125,176.09375,305.8315789,308.8526316,407.9578947,367.8229167,331.8020833,367.2083333,461.4479167,399.9375,,,,,,,,,,,,,,,
Fri,133,324.6145833,176.2708333,303.0526316,300.3052632,408.5368421,389.5,332.2708333,384.8958333,492.40625,428.4791667,,,,,,,,,,,,,,,
Sat,134,331.8229167,175.1666667,295.6421053,295.3368421,393.2210526,403.5104167,317.1770833,404.1979167,513.0833333,459.8020833,,,,,,,,,,,,,,,
Sun,135,325.5104167,175.2395833,303.1684211,306.8947368,401.8210526,477,326.28125,401.6354167,509.9166667,452.7291667,,,,,,,,,,,,,,,
Mon,136,312,176.2916667,305.8210526,306.6315789,400.8105263,477,333.8958333,402.6041667,509.1875,452.8333333,,,,,,,,,,,,,,,
Tue,137,334.53125,177.0625,308.3684211,309.0105263,406.1894737,477,328.9270833,403.8958333,514.7395833,458.1041667,,,,,,,,,,,,,,,
Wed,138,322.25,165.1354167,307.3052632,309.3789474,406.2842105,477,332.9895833,396.4166667,515.2708333,457.6041667,,,,,,,,,,,,,,,
Thu,139,295.28125,175.4895833,305.4315789,308.2315789,407.3368421,477,331.8020833,296.0729167,461.4479167,399.5729167,,,,,,,,,,,,,,,
Fri,140,324.6145833,175.9583333,305.6315789,303.6210526,414.9684211,477,332.2708333,295,492.40625,429.3541667,,,,,,,,,,,,,,,
Sat,141,331.8229167,174.9479167,293.0421053,294.1157895,388.0421053,477,317.8229167,295,513.0833333,461.2708333,,,,,,,,,,,,,,,
Sun,142,325.5104167,175.6875,303.6315789,305.0105263,401.5052632,477,326.28125,295,509.9166667,452.7291667,,,,,,,,,,,,,,,
Mon,143,312,176.4895833,305.2,306.8105263,401.2210526,477,333.8958333,295,509.1875,454.6145833,,,,,,,,,,,,,,,
Tue,144,334.53125,176.9895833,307.7684211,308.3894737,405.3263158,477,328.9270833,295,514.7395833,458.1041667,,,,,,,,,,,,,,,
Wed,145,322.2604167,165.3333333,307.7684211,307.9157895,406.2947368,477,332.9895833,295,515.2708333,457.6041667,,,,,,,,,,,,,,,
Thu,146,295.28125,129.1979167,305.0736842,309.6421053,407.2736842,477,331.8020833,295,461.4270833,399.5729167,,,,,,,,,,,,,,,
Fri,147,324.6145833,132,304.3263158,306.7789474,418.8947368,477,332.1458333,295,492.40625,429.3020833,,,,,,,,,,,,,,,
Sat,148,331.8229167,132,291.5052632,292.6210526,384.8105263,477,317.8229167,295,513.0833333,461.2708333,,,,,,,,,,,,,,,
Sun,149,325.5,132,303.6526316,302.1157895,402.0526316,477,326.28125,295,509.9166667,454.46875,,,,,,,,,,,,,,,
Mon,150,311.9791667,193.1770833,305.0210526,307.2947368,402.1263158,477,333.8958333,295,509.1875,454.6145833,,,,,,,,,,,,,,,
Tue,151,335.5625,195.3541667,308.4736842,308.3789474,405.3894737,408.2708333,328.9270833,400.6770833,515.8541667,458.1041667,,,,,,,,,,,,,,,
Wed,152,321.8229167,178.9583333,308.9684211,307.4947368,406.1789474,399.9791667,333.1041667,396.4166667,515.2708333,457.6041667,,,,,,,,,,,,,,,
Thu,153,294.7916667,190.5208333,306.4421053,308.9157895,407.5473684,367.2708333,331.8020833,366.4270833,461.4479167,399.5729167,,,,,,,,,,,,,,,
Fri,154,324.3645833,194.6145833,309.0210526,311.0947368,421.3894737,389.5104167,332.2708333,384.8958333,492.40625,428.4791667,,,,,,,,,,,,,,,
Sat,155,331.6875,192.71875,291.4842105,291.4210526,384.2526316,404.1145833,317.1770833,406.1666667,513.0833333,459.8020833,,,,,,,,,,,,,,,
Sun,156,325.1458333,194.7395833,304.6105263,299.8736842,402.3263158,400.59375,326.28125,399.7083333,509.9166667,454.46875,,,,,,,,,,,,,,,
Mon,157,311.6354167,193.0416667,305.6105263,308.0210526,403.6315789,401.96875,333.8958333,402.6041667,509.1875,452.75,,,,,,,,,,,,,,,
Tue,158,334.375,194.8333333,308.9894737,308.2210526,406.1473684,404.1145833,328.9270833,402.0729167,514.7395833,448.6458333,,,,,,,,,,,,,,,
Wed,159,321.8229167,180.6041667,308.8842105,308.3263158,406.9052632,400.0625,332.9895833,396.4166667,515.21875,457.6041667,,,,,,,,,,,,,,,
Thu,160,294.7916667,188.8333333,306.8947368,310.2947368,408.0631579,367.6354167,330.78125,366.4270833,461.4791667,399.5729167,,,,,,,,,,,,,,,
Fri,161,324.3645833,193.0625,310.5894737,315.4210526,420.9368421,341.90625,332.2708333,384.8958333,492.40625,428.4791667,,,,,,,,,,,,,,,
Sat,162,331.6875,193.46875,292.0526316,291.8,385.5368421,377,317.1770833,404.1979167,512.9895833,461.2708333,,,,,,,,,,,,,,,
Sun,163,325.1458333,193.4583333,303.3157895,298.7684211,402.6210526,377,326.28125,399.7083333,509.9166667,454.46875,,,,,,,,,,,,,,,
Mon,164,311.6354167,192.3854167,305.7157895,307.6842105,404.4,377,333.8958333,400.78125,509.1458333,454.6145833,,,,,,,,,,,,,,,
Tue,165,334.375,196.1770833,309.5157895,308.0631579,406.3684211,377,328.9270833,403.8958333,514.7395833,456.2708333,,,,,,,,,,,,,,,
Wed,166,321.8229167,179.4791667,309.9052632,309.1789474,407.3894737,377,332.9895833,396.4166667,515.2708333,457.6041667,,,,,,,,,,,,,,,
Thu,167,294.78125,188.5833333,307.4210526,310.6736842,408.9894737,377,331.8020833,367.2083333,461.4479167,399.5729167,,,,,,,,,,,,,,,
Fri,168,324.3645833,192.9270833,311.2105263,316.3684211,420.3263158,377,332.2708333,384.8958333,492.40625,429.3541667,,,,,,,,,,,,,,,
Sat,169,331.6875,192.53125,293.4947368,292.1894737,387,377,317.8229167,411.3958333,513.0833333,461.2708333,,,,,,,,,,,,,,,
Sun,170,325.1458333,194.0104167,302.9894737,298.1157895,403.3473684,377,326.28125,471,509.9166667,452.7291667,,,,,,,,,,,,,,,
Mon,171,313.0416667,194.9479167,306.3157895,309.6210526,405.6526316,377,333.8958333,471,509.1875,454.6145833,,,,,,,,,,,,,,,
Tue,172,334.375,196.6145833,309.5368421,310.2421053,405.3263158,377,328.8854167,471,514.7395833,456.2708333,,,,,,,,,,,,,,,
Wed,173,321.8229167,181.2395833,310.9789474,310.6,408.7263158,377,332.9895833,471,515.2708333,457.6041667,,,,,,,,,,,,,,,
Thu,174,294.7708333,191.6145833,308.5684211,310.8842105,410.2210526,377,331.8020833,471,461.4479167,399.9375,,,,,,,,,,,,,,,
Fri,175,324.3645833,193.5416667,311.0526316,316.4315789,419.2526316,377,332.2708333,471,492.3541667,429.3541667,,,,,,,,,,,,,,,
Sat,176,331.6875,198.28125,294.4,293.1052632,388.5368421,377,317.8229167,471,513.0833333,459.8020833,,,,,,,,,,,,,,,
Sun,177,325.1458333,253,304.5894737,299.6631579,404.8105263,377,326.28125,471,509.9166667,452.7291667,,,,,,,,,,,,,,,
Mon,178,311.6354167,253,306.5368421,310.4421053,405.7894737,377,333.8958333,471,509.1875,454.6145833,,,,,,,,,,,,,,,
Tue,179,334.375,253,308.7578947,309.3263158,404.3263158,377,328.9270833,471,514.6041667,458.1041667,,,,,,,,,,,,,,,
Wed,180,321.8229167,165.125,311.3894737,311.6526316,408.8315789,377,332.9895833,471,515.2708333,457.6041667,,,,,,,,,,,,,,,
Thu,181,296.28125,175.59375,308.7052632,310.5578947,410.0842105,366.875,330.6666667,366.4479167,463.5,398.96875,,,,,,,,,,,,,,,
Fri,182,320.8333333,175.5208333,310.3052632,313.0421053,416.9473684,389.5208333,332.1458333,386.4895833,493.2916667,428.4791667,,,,,,,,,,,,,,,
Sat,183,332.0520833,174.6770833,294.7684211,293.8631579,389.5368421,403.4166667,317.8229167,407.7395833,513.8020833,459.8020833,,,,,,,,,,,,,,,
Sun,184,325.53125,175.3854167,304.7368421,300.0736842,404.8210526,400.5729167,326.28125,401.4270833,510.7291667,454.46875,,,,,,,,,,,,,,,
Mon,185,311.8125,176.2395833,306.0421053,310.2842105,405.4736842,402.6458333,333.8958333,402.28125,509.9375,454.625,,,,,,,,,,,,,,,
Tue,186,334.625,176.8125,308.1157895,307.1894737,402.6210526,403.96875,327.7708333,403.53125,515.4791667,456.2708333,,,,,,,,,,,,,,,
Wed,187,322.125,165.0208333,309.9368421,310.4,408.1578947,400.28125,332.9895833,398.1458333,516.03125,456,,,,,,,,,,,,,,,
Thu,188,295.3020833,176.125,308.2210526,308.2210526,408.7894737,367.5625,331.8020833,368.7291667,462.6458333,399.5729167,,,,,,,,,,,,,,,
Fri,189,324.875,175.9895833,308.4210526,312.3473684,415.0526316,390.4375,331.2604167,386.4895833,493.2916667,429.3541667,,,,,,,,,,,,,,,
Sat,190,332.0520833,175.1875,294.8947368,292.2210526,390.1052632,403.4166667,317.8229167,405.7708333,513.8020833,461.2708333,,,,,,,,,,,,,,,
Sun,191,325.53125,175.3854167,303.1684211,299.6,405.0315789,402.2708333,326.28125,401.4270833,510.75,452.7291667,,,,,,,,,,,,,,,
Mon,192,311.8125,176.2291667,305.3684211,309.3473684,403.2,495,333.8958333,404.1041667,509.9375,454.625,,,,,,,,,,,,,,,
Tue,193,334.625,177.3229167,307.6105263,307.1789474,401.1684211,495,328.9270833,405.3645833,515.4791667,458.1041667,,,,,,,,,,,,,,,
Wed,194,322.125,165.0208333,308.9157895,310.2421053,407.1368421,495,332.9895833,398.1458333,516.0520833,457.6041667,,,,,,,,,,,,,,,
Thu,195,295.2916667,175.59375,307.3052632,308.4210526,407.4210526,495,331.8020833,367.9270833,462.6041667,399.9375,,,,,,,,,,,,,,,
Fri,196,324.875,175.9895833,307.9473684,312.0736842,413.2631579,495,332.2708333,387.8645833,493.2916667,429.3541667,,,,,,,,,,,,,,,
Sat,197,332.0520833,174.6770833,294.5368421,292.0105263,391.4105263,495,317.8229167,405.7708333,513.8020833,461.2708333,,,,,,,,,,,,,,,
Sun,198,327.21875,175.3854167,301.6,299.6105263,403.9263158,495,326.28125,403.3645833,510.75,454.46875,,,,,,,,,,,,,,,
Mon,199,311.8125,176.2083333,304.8947368,308.2421053,402.8736842,495,333.8958333,413.4166667,509.9375,452.8333333,,,,,,,,,,,,,,,
Tue,200,334.625,176.7916667,306.9578947,307.1473684,399.9368421,495,328.9270833,503,515.4791667,456.2708333,,,,,,,,,,,,,,,
Wed,201,322.125,165.0729167,308.9578947,310.3684211,407.7789474,495,331.9375,503,516.03125,457.6041667,,,,,,,,,,,,,,,
Thu,202,295.3020833,175.8333333,306.6105263,307.8,405.9368421,495,330.6666667,503,462.6458333,399.9375,,,,,,,,,,,,,,,
Fri,203,324.875,175.8541667,307.2736842,310.1052632,412.2631579,495,332.2708333,503,493.2916667,429.3541667,,,,,,,,,,,,,,,
Sat,204,332.0520833,174.5,295.8210526,293.0947368,393.1263158,495,317.8229167,503,513.7083333,459.8020833,,,,,,,,,,,,,,,
Sun,205,325.53125,175.5,300.1894737,298.2210526,403.0105263,495,325.5520833,503,512.53125,454.46875,,,,,,,,,,,,,,,
Mon,206,311.8125,107.2291667,304.6,306.7473684,402.4736842,495,333.8958333,503,509.9375,454.625,,,,,,,,,,,,,,,
Tue,207,334.625,105,306.3368421,306.7157895,399.1789474,495,327.7708333,503,515.4791667,458.1041667,,,,,,,,,,,,,,,
Wed,208,322.125,105,309.0736842,308.4631579,406.9368421,495,332.9895833,503,516.03125,455.7916667,,,,,,,,,,,,,,,
Thu,209,295.3020833,105,306.6526316,308.0947368,406.8526316,495,331.8020833,503,462.6458333,399.5729167,,,,,,,,,,,,,,,
Fri,210,324.875,105,306.9578947,309.5157895,410.4947368,495,332.2708333,503,493.2916667,428.4791667,,,,,,,,,,,,,,,
Sat,211,331.7604167,174.625,297.6105263,294.8631579,396.3473684,495,317.8229167,503,513.8020833,461.2708333,,,,,,,,,,,,,,,
Sun,212,326.6770833,175.1875,299.2842105,297.5368421,401.5157895,347.8541667,326.28125,398.4479167,511.71875,454.46875,,,,,,,,,,,,,,,
Mon,213,311.8125,176.1770833,304.2,307.2315789,402.8105263,347.8333333,333.8958333,401.03125,512.4375,454.625,,,,,,,,,,,,,,,
Tue,214,334.625,177.0104167,306.6736842,305.1052632,397.2842105,424,327.7708333,402.1979167,515.4791667,458.1041667,,,,,,,,,,,,,,,
Wed,215,322.125,165.0729167,308.8947368,309.9894737,405.7473684,424,332.9895833,396.46875,516.03125,455.7916667,,,,,,,,,,,,,,,
Thu,216,295.3020833,175.375,306.5894737,308.6105263,406.8526316,424,331.8020833,366.5625,462.6458333,399.5729167,,,,,,,,,,,,,,,
Fri,217,324.875,176.09375,306.6,310.2210526,408.6947368,424,331.2604167,385.0625,493.2916667,429.3541667,,,,,,,,,,,,,,,
Sat,218,332.0520833,175.0208333,299.0947368,296.7052632,399.3789474,424,311.40625,404.3854167,510.78125,467.6875,,,,,,,,,,,,,,,
Sun,219,325.53125,175.71875,298.0631579,297.0947368,398.2315789,424,326.28125,401.7604167,510.6041667,454.6770833,,,,,,,,,,,,,,,
Mon,220,311.8125,175.6145833,303.4105263,307.9473684,401.7473684,424,332.6145833,402.8333333,510.15625,452.8333333,,,,,,,,,,,,,,,
Tue,221,334.625,177.0104167,305.9789474,306.7684211,399.1368421,424,329.1041667,402.1979167,515.0104167,456.2708333,,,,,,,,,,,,,,,
Wed,222,322.125,165.0729167,308.5263158,308.9052632,404.6631579,424,331.9479167,396.46875,515.3645833,455.7916667,,,,,,,,,,,,,,,
Thu,223,295.3020833,175.90625,307.0526316,308.1052632,405.8105263,424,330.6458333,367.34375,465.53125,399.9375,,,,,,,,,,,,,,,
Fri,224,324.875,175.65625,306.3368421,309.2315789,407.6210526,424,332.2395833,386.4270833,491.875,428.4791667,,,,,,,,,,,,,,,
Sat,225,332.0520833,174.46875,301.6842105,298.2526316,404,424,317.8229167,406.3541667,503.3020833,461.2708333,,,,,,,,,,,,,,,
Sun,226,325.53125,175.6458333,297,296.0736842,395,424,326.28125,401.7604167,509.9791667,452.7291667,,,,,,,,,,,,,,,
Mon,227,311.8125,176.0729167,303.3157895,308.0947368,400.7894737,424,332.6145833,401.03125,512.1041667,452.8229167,,,,,,,,,,,,,,,
Tue,228,334.625,176.5520833,305.7894737,305.2842105,398.8,424,328.9270833,402.1979167,514.5208333,456.2708333,,,,,,,,,,,,,,,
Wed,229,322.1145833,164.75,308.5473684,309.4842105,405.7052632,424,331.9375,396.46875,514.125,456,,,,,,,,,,,,,,,
Thu,230,295.3020833,175.9375,307.2210526,308.0315789,405.8526316,424,331.8020833,363.125,470.6875,399.9375,,,,,,,,,,,,,,,
Fri,231,324.875,176.0729167,306.0105263,309.6526316,407.0315789,424,332.2708333,415,489.59375,428.4791667,,,,,,,,,,,,,,,
Sat,232,332.0520833,174.875,304.3263158,301.6105263,410.5157895,424,317.1770833,415,499.2604167,459.8020833,,,,,,,,,,,,,,,
Sun,233,325.53125,175.03125,294.7684211,295.3578947,388.8736842,424,325.5520833,415,509.8229167,454.46875,,,,,,,,,,,,,,,
Mon,234,311.8125,176.3645833,303.5789474,306.0210526,400.9894737,424,333.8958333,415,509.0729167,452.8229167,,,,,,,,,,,,,,,
Tue,235,334.625,177.1354167,305.4,306.7684211,400.4526316,424,328.9270833,415,514.5729167,456.2708333,,,,,,,,,,,,,,,
Wed,236,322.125,169.8125,308.1157895,307.6947368,404.8631579,424,332.9895833,415,513.0520833,456,,,,,,,,,,,,,,,
Thu,237,295.28125,229,307.2947368,308.2315789,405.7473684,424,331.8020833,415,474.75,399.9375,,,,,,,,,,,,,,,
Fri,238,324.875,229,305.6,308.0947368,406.3052632,424,332.2708333,415,488.1458333,429.7395833,,,,,,,,,,,,,,,
Sat,239,332.0520833,229,306.1578947,304.7263158,415.5368421,424,317.8229167,415,498.5104167,460.3645833,,,,,,,,,,,,,,,
Sun,240,325.53125,229,292.7263158,292.9368421,384.9789474,424,326.28125,415,510.5416667,454.46875,,,,,,,,,,,,,,,
Mon,241,311.8125,229,303.7789474,304.0315789,401.1578947,424,332.625,415,513.4583333,454.6145833,,,,,,,,,,,,,,,
Tue,242,334.625,177.0833333,304.8947368,307.1263158,400.6526316,424,327.7708333,415,513.4791667,458.1041667,,,,,,,,,,,,,,,
Wed,243,323.2395833,164.8958333,307.9157895,307.5052632,403.7578947,401.125,332.9895833,395.1979167,514.0729167,353.1458333,,,,,,,,,,,,,,,
Thu,244,295.3020833,175.2291667,307.6842105,307.8842105,405.0105263,314.3854167,330.6666667,366.5625,481.21875,310.0729167,,,,,,,,,,,,,,,
Fri,245,324.875,176.4895833,307.2421053,308.7368421,403.1368421,330,331.2604167,385.0625,484.7083333,331.9479167,,,,,,,,,,,,,,,
Sat,246,332.0520833,174.6979167,309.9157895,308.7578947,419.4,330,317.8229167,404.3854167,507.3854167,354.9270833,,,,,,,,,,,,,,,
Sun,247,325.53125,175.6979167,293.4315789,291.4631579,382.4631579,330,325.5520833,401.7604167,510.5416667,350.9270833,,,,,,,,,,,,,,,
Mon,248,311.8125,175.9270833,306.7684211,302.6315789,400.9894737,330,333.8958333,402.8333333,511.8645833,353.21875,,,,,,,,,,,,,,,
Tue,249,334.625,177.4791667,308.0210526,307.5263158,401.3578947,330,327.7708333,402.1979167,513.4791667,352.34375,,,,,,,,,,,,,,,
Wed,250,322.125,165.1979167,311,308.3263158,404.2,330,331.9375,398.2708333,513,353.15625,,,,,,,,,,,,,,,
Thu,251,295.3020833,175.7708333,310.4421053,308.4842105,406.7157895,330,331.8020833,367.34375,480.9583333,309.5,,,,,,,,,,,,,,,
Fri,252,324.875,176.4895833,308.8210526,310.2842105,406.0421053,330,331.2604167,385.0625,484.7083333,331.3229167,,,,,,,,,,,,,,,
Sat,253,332.0520833,174.6979167,311.3052632,315.7263158,420.2315789,330,317.8229167,404.3854167,507.3854167,354.625,,,,,,,,,,,,,,,
Sun,254,325.53125,175.1979167,293.3263158,291.8,382.8526316,330,325.5520833,401.7604167,510.5416667,351.0104167,,,,,,,,,,,,,,,
Mon,255,311.8125,175.9270833,305.5894737,297.6,402.0315789,330,332.625,401.03125,511.8645833,353.1666667,,,,,,,,,,,,,,,
Tue,256,334.625,177.0104167,307.8315789,308.8842105,402.2210526,330,327.7708333,402.0416667,513.4791667,352.3125,,,,,,,,,,,,,,,
Wed,257,322.125,164.9166667,311.0526316,309.1684211,404.8526316,330,331.9375,398.2708333,513,353.1770833,,,,,,,,,,,,,,,
Thu,258,295.3020833,175.7708333,311.2105263,313.1789474,406.4842105,330,331.8020833,366.5625,480.9583333,309.6041667,,,,,,,,,,,,,,,
Fri,259,324.875,176.5416667,309.0315789,314.8315789,407.7684211,330,331.2604167,385.0625,484.7083333,330.8645833,,,,,,,,,,,,,,,
Sat,260,332.0520833,175.3020833,313.1894737,316,419.5789474,330,317.8229167,404.3854167,507.3854167,354.6666667,,,,,,,,,,,,,,,
Sun,261,325.5208333,175.6979167,294.3263158,293.7578947,384.3368421,330,326.28125,321.6666667,510.5416667,350.4479167,,,,,,,,,,,,,,,
Mon,262,311.8125,175.375,304.5684211,298.6736842,401.5684211,330,332.625,346,511.8645833,351.875,,,,,,,,,,,,,,,
Tue,263,334.625,177.1354167,308.0842105,309.4315789,403.9473684,330,328.9270833,346,513.4791667,351.3645833,,,,,,,,,,,,,,,
Wed,264,322.125,164.875,311.9894737,309.3263158,405.0210526,330,332.9895833,346,513,353.2604167,,,,,,,,,,,,,,,
Thu,265,295.3020833,175.46875,312.0947368,315.4842105,406.2736842,330,330.6666667,346,480.9583333,309.3125,,,,,,,,,,,,,,,
Fri,266,324.875,175.6875,309.4631579,311.5263158,408.6947368,330,331.2604167,346,484.7083333,331.75,,,,,,,,,,,,,,,
Sat,267,332.0520833,155.8333333,313.5052632,312.7368421,418.9473684,330,317.1770833,346,507.3854167,355.1041667,,,,,,,,,,,,,,,
Sun,268,325.53125,175,295.3894737,292.2105263,386,330,326.28125,346,510.5416667,351.0729167,,,,,,,,,,,,,,,
Mon,269,311.8125,175,305.2526316,299.4631579,402.4421053,330,332.625,346,511.8645833,352.7916667,,,,,,,,,,,,,,,
Tue,270,334.625,175,309.2105263,309.3263158,404.1473684,330,328.9270833,346,513.4791667,352.7916667,,,,,,,,,,,,,,,
Wed,271,322.125,175,311.0736842,307.3578947,404.3894737,330,331.9375,346,512.9791667,353.6875,,,,,,,,,,,,,,,
Thu,272,294.8645833,175.4583333,313.4,311.0842105,407.4210526,330,330.6666667,346,480.9791667,309.4895833,,,,,,,,,,,,,,,
Fri,273,325.84375,175.2604167,310.8315789,306.1894737,409.7684211,386.8541667,331.2604167,385.1041667,486.7291667,331.2916667,,,,,,,,,,,,,,,
Sat,274,331.8541667,174.3645833,312.7473684,310.2736842,417.5157895,251.4583333,317.1770833,406.1666667,508.2395833,355.3229167,,,,,,,,,,,,,,,
Sun,275,325.4375,175.15625,296.6736842,293.3157895,385.1473684,242,325.5520833,399.7083333,511.3958333,351.1145833,,,,,,,,,,,,,,,
Mon,276,313.3958333,176.0625,307.1368421,297.5684211,403.3263158,242,332.625,400.78125,512.71875,353.0729167,,,,,,,,,,,,,,,
Tue,277,336.4479167,177.1458333,308.4210526,306.8736842,404.5684211,242,327.7708333,402.0729167,514.34375,352.15625,,,,,,,,,,,,,,,
Wed,278,323.7395833,165.2291667,310.1684211,305.7684211,402.1473684,242,332.9895833,396.4166667,513.7916667,353.6458333,,,,,,,,,,,,,,,
Thu,279,295.5208333,175.9270833,312.4,308.5052632,407.2947368,242,330.6666667,366.4270833,481.5208333,309.8333333,,,,,,,,,,,,,,,
Fri,280,324.78125,175.6458333,310.3052632,308.0526316,408.7157895,242,332.2708333,384.8958333,485.3125,332.1041667,,,,,,,,,,,,,,,
Sat,281,331.8541667,174.8333333,311.1578947,308.2421053,415.7894737,242,317.1770833,406.1666667,508.2395833,355.1354167,,,,,,,,,,,,,,,
Sun,282,327.125,175.6770833,295.9789474,294.3578947,388.7894737,242,325.5520833,401.6354167,511.2708333,351.4895833,,,,,,,,,,,,,,,
Mon,283,311.8020833,175.5208333,305.8526316,297.4421053,404.8210526,242,333.8958333,402.6041667,512.59375,352.71875,,,,,,,,,,,,,,,
Tue,284,334.5729167,177.1458333,307.7157895,307.2210526,402.5684211,242,328.9270833,403.8958333,514.3229167,352.3229167,,,,,,,,,,,,,,,
Wed,285,322.21875,164.9375,309.7578947,306.9263158,400.9052632,242,332.9895833,402.9791667,513.7291667,353.25,,,,,,,,,,,,,,,
Thu,286,296.15625,175.9270833,310.8736842,309.8526316,406.6,242,331.8020833,366.4270833,481.59375,310.1979167,,,,,,,,,,,,,,,
Fri,287,324.78125,175.2604167,309.5894737,308.6105263,406.8947368,242,332.2708333,384.8958333,485.3125,331.4791667,,,,,,,,,,,,,,,
Sat,288,333.6770833,174.3645833,310.2421053,309.0210526,412.8947368,242,317.8229167,406.0729167,508.2395833,355.9791667,,,,,,,,,,,,,,,
Sun,289,327.125,175.15625,296.1578947,296.5684211,389.0315789,242,325.5520833,399.7083333,511.3958333,351.3541667,,,,,,,,,,,,,,,
Mon,290,313.4270833,175.6145833,304,297.6947368,403.7894737,242,332.625,400.78125,512.53125,354.2291667,,,,,,,,,,,,,,,
Tue,291,336.4479167,177.15625,307.0631579,307.8105263,401.2947368,242,328.9270833,402.0729167,514.34375,353.5416667,,,,,,,,,,,,,,,
Wed,292,322.21875,165.25,309.1263158,306.6947368,399.8947368,242,331.9375,398.2395833,513.7916667,354.2395833,,,,,,,,,,,,,,,
Thu,293,296.15625,175.8541667,310.5052632,308.9894737,406.6947368,242,330.6666667,366.4270833,481.3854167,310.4479167,,,,,,,,,,,,,,,
Fri,294,324.78125,175.6875,308.4526316,309.2315789,406.1578947,242,332.2708333,386.2604167,485.3125,332.0520833,,,,,,,,,,,,,,,
Sat,295,331.8541667,175.0520833,309.4210526,309.2421053,412.2421053,242,317.1770833,406.1666667,508.2395833,355.4479167,,,,,,,,,,,,,,,
Sun,296,325.4375,175.1979167,296.5684211,298.3263158,390.6210526,242,326.28125,399.7083333,511.3958333,351.6354167,,,,,,,,,,,,,,,
Mon,297,312.0104167,112.2083333,302.5789474,296.2842105,403.1684211,242,333.8958333,402.6041667,512.59375,353.6458333,,,,,,,,,,,,,,,
Tue,298,336.4479167,110,306.6842105,308.3578947,401.1684211,242,328.9270833,402.0729167,514.2916667,352.5625,,,,,,,,,,,,,,,
Wed,299,322.21875,110,308.7157895,305.2631579,398.2842105,242,331.9375,396.4166667,513.6354167,353.5520833,,,,,,,,,,,,,,,
Thu,300,296.15625,110,310.4421053,309.4947368,406.5263158,242,331.8020833,366.4270833,481.59375,310.21875,,,,,,,,,,,,,,,
Fri,301,326.34375,110,308.2947368,309.2421053,405.3157895,242,332.2708333,381.6875,485.3125,332.25,,,,,,,,,,,,,,,
Sat,302,333.375,110,309,308.5894737,410.1157895,242,317.1770833,291.84375,508.2395833,355.8541667,,,,,,,,,,,,,,,
Sun,303,327.125,175.3125,297.8631579,301.1789474,393.0210526,242,325.5520833,401.6354167,511.3958333,350.8958333,,,,,,,,,,,,,,,
Mon,304,456.125,175.1666667,301.1157895,295.5473684,401.6947368,396.5729167,332.625,401.34375,394.15625,452.4166667,,,,,,,,,,,,,,,
Tue,305,474.0729167,176.40625,306.2315789,306.3052632,401.4631579,340.2083333,327.7708333,400.3229167,328.8229167,456.2708333,,,,,,,,,,,,,,,
Wed,306,464.4895833,164.9895833,238.1368421,306.7263158,398.9052632,338,331.9375,398.2291667,329.3333333,456,,,,,,,,,,,,,,,
Thu,307,422.1145833,175.1145833,277.7263158,307.6210526,402.7578947,338,330.6666667,367.2916667,319.5,399.5729167,,,,,,,,,,,,,,,
Fri,308,458.7395833,175.5625,307.4421053,309.3578947,406.0842105,338,331.2604167,384.0416667,320.84375,428.4791667,,,,,,,,,,,,,,,
Sat,309,471.8854167,174.3229167,307.5157895,308.1578947,408.8210526,338,319.2916667,402.8125,325.5208333,461.2708333,,,,,,,,,,,,,,,
Sun,310,466.9479167,175.65625,298.8526316,304.5578947,396.5789474,338,325.5520833,396.78125,328.8125,452.7291667,,,,,,,,,,,,,,,
Mon,311,458.1354167,175.7395833,299.3684211,293.7473684,399.8105263,338,333.8958333,400.6770833,329.46875,454.6145833,,,,,,,,,,,,,,,
Tue,312,476.6354167,176.9270833,304.4736842,303.2947368,401.2736842,338,328.9270833,400.3854167,329.375,458.1041667,,,,,,,,,,,,,,,
Wed,313,467.6041667,165.2604167,307.1684211,307,398.7473684,338,332.9895833,396.2916667,328.6354167,457.6041667,,,,,,,,,,,,,,,
Thu,314,422.0833333,175.1145833,309.4105263,308.4210526,405.6,338,331.8020833,372.6875,319.6458333,399.9375,,,,,,,,,,,,,,,
Fri,315,457.9791667,175.5625,307.6,308.9263158,405.8947368,338,331.2604167,466.40625,321.3854167,428.4791667,,,,,,,,,,,,,,,
Sat,316,471,174.8541667,307.4526316,308.7894737,407.3052632,338,317.8229167,407.2395833,326.3125,461.2708333,,,,,,,,,,,,,,,
Sun,317,466,175.1770833,301.1263158,308.4947368,401.4631579,338,326.28125,400.71875,330.03125,454.46875,,,,,,,,,,,,,,,
Mon,318,455.5520833,175.1666667,298.8526316,291.6421053,396.9368421,338,333.8958333,401.0729167,330.7395833,454.6145833,,,,,,,,,,,,,,,
Tue,319,472.6666667,176.90625,304.2421053,302.8842105,401.9368421,338,328.9479167,392.5729167,328.6666667,456.2708333,,,,,,,,,,,,,,,
Wed,320,466.21875,164.9895833,307.1263158,306.4105263,398.9789474,338,331.9895833,399.25,328.9479167,456,,,,,,,,,,,,,,,
Thu,321,421.5416667,175.0625,309.6421053,307.4947368,404.9684211,338,330.6666667,370.3020833,319.7083333,399.9375,,,,,,,,,,,,,,,
Fri,322,459.3333333,175.1354167,308.1368421,309.6,405.4526316,338,331.2604167,385.5208333,320.375,429.3541667,,,,,,,,,,,,,,,
Sat,323,471.65625,174.8541667,307.0526316,309.6947368,406.4105263,338,317.8229167,405.5416667,326.1354167,459.8020833,,,,,,,,,,,,,,,
Sun,324,466.15625,175.6875,303.4947368,312.4947368,406.5368421,338,326.3229167,400.5416667,329.6875,454.46875,,,,,,,,,,,,,,,
Mon,325,457.6979167,176.1354167,297.2421053,291.3368421,393.1157895,338,333.8958333,400.53125,330.5520833,454.6145833,,,,,,,,,,,,,,,
Tue,326,475.8229167,177.125,304.2105263,298.9894737,401.4,338,327.7916667,399.4375,328.7916667,458.1041667,,,,,,,,,,,,,,,
Wed,327,466.5,163.34375,305.1684211,308.2631579,399.0631579,338,333.0104167,393.9791667,328.5,457.6041667,,,,,,,,,,,,,,,
Thu,328,421.6875,201,309.3473684,307.4947368,405.6210526,338,331.8020833,368.84375,319.6145833,399.7916667,,,,,,,,,,,,,,,
Fri,329,458.6458333,201,308.2631579,308.4842105,404.9578947,338,332.2708333,384.6354167,320.3958333,429.3541667,,,,,,,,,,,,,,,
Sat,330,474.8333333,201,306.7368421,310.6842105,405.8736842,338,317.8229167,406.5416667,326.4895833,461.2708333,,,,,,,,,,,,,,,
Sun,331,467.125,201,306.1684211,315.3578947,413.1368421,338,326.28125,399.8333333,329.1458333,454.46875,,,,,,,,,,,,,,,
Mon,332,458.03125,200.6354167,294.6105263,291.3052632,387.7473684,338,332.625,410.46875,330.5729167,454.6145833,,,,,,,,,,,,,,,
Tue,333,475.5625,176.4375,304.7157895,297.6421053,400.9052632,338,328.9479167,389.6041667,329.6875,457.1979167,,,,,,,,,,,,,,,
Wed,334,321.8229167,165.375,306.3157895,307.7578947,400.4631579,403.5104167,331.9895833,397.3541667,453.7395833,456.0833333,,,,,,,,,,,,,,,
Thu,335,296.5833333,175.3645833,308.9052632,308.2210526,404.6947368,507,331.8020833,366.46875,480.65625,399.7291667,,,,,,,,,,,,,,,
Fri,336,326.1458333,175.0104167,308.4105263,310.7052632,405.7578947,507,331.2604167,384.8229167,485.9895833,428.6666667,,,,,,,,,,,,,,,
Sat,337,331.8020833,174.1875,303.1894737,308.9157895,403.6105263,507,317.8229167,404.1666667,508.7291667,459.4791667,,,,,,,,,,,,,,,
Sun,338,326.5,175.09375,307.5894737,316.0736842,416.6736842,507,326.3229167,401.6041667,511.4479167,454.3958333,,,,,,,,,,,,,,,
Mon,339,313.4270833,175.84375,293.3473684,291.8947368,383.9789474,507,333.8958333,400.6979167,512.6458333,452.8229167,,,,,,,,,,,,,,,
Tue,340,336.0729167,176.4375,304.5157895,299.1368421,400.2631579,507,327.7916667,401.9895833,514.6145833,458,,,,,,,,,,,,,,,
Wed,341,322.4479167,165.375,305.9789474,308.9894737,400.3368421,507,331.9895833,396.5729167,513.8541667,456.0833333,,,,,,,,,,,,,,,
Thu,342,296.5729167,175.3645833,309.3789474,310.1894737,403.7157895,507,331.8020833,367.8333333,480.7083333,400.6041667,,,,,,,,,,,,,,,
Fri,343,326.1875,175.0104167,308.6,311.8947368,405.1473684,507,332.2708333,386.7916667,485.9895833,430.03125,,,,,,,,,,,,,,,
Sat,344,331.8020833,174.6979167,306.8526316,309.7157895,406.0421053,507,317.8229167,406.09375,508.7291667,459.4791667,,,,,,,,,,,,,,,
Sun,345,326.5,175.6354167,309.0210526,315.7052632,419.9263158,507,325.5520833,399.9270833,511.4479167,452.6041667,,,,,,,,,,,,,,,
Mon,346,311.375,175.84375,292.1473684,293.2105263,382.4210526,507,332.625,403.9166667,512.6458333,452.8229167,,,,,,,,,,,,,,,
Tue,347,334.5625,176.4583333,305.0842105,299.6947368,401.8947368,507,327.7708333,403.8125,514.6145833,456.3958333,,,,,,,,,,,,,,,
Wed,348,321.8229167,165.375,306.0421053,310.4526316,402.5789474,507,332.9895833,397.3541667,513.84375,456.0833333,,,,,,,,,,,,,,,
Thu,349,295.0208333,175.7916667,309.5473684,309.1684211,404.9684211,507,330.6666667,360.0208333,480.7083333,399.7291667,,,,,,,,,,,,,,,
Fri,350,324.3229167,175.53125,308.9368421,311.6947368,406.7263158,507,331.2604167,386.7916667,485.9895833,430.03125,,,,,,,,,,,,,,,
Sat,351,333.4895833,174.65625,307.1368421,310.4526316,406.1894737,507,317.1770833,406.09375,508.7291667,459.4791667,,,,,,,,,,,,,,,
Sun,352,326.5,175.625,310.4421053,313.9052632,420.0526316,507,326.28125,401.6041667,511.4479167,452.6041667,,,,,,,,,,,,,,,
Mon,353,313.4270833,175.9375,292.4526316,293.1473684,383.3052632,507,333.8958333,402.5208333,512.6458333,454.65625,,,,,,,,,,,,,,,
Tue,354,336.0729167,176.7083333,303.7368421,300.2736842,401.1263158,507,328.9270833,403.8125,514.6145833,458,,,,,,,,,,,,,,,
Wed,355,321.8229167,165.1770833,306.1473684,310.2315789,403.2526316,507,332.9895833,396.5729167,513.8541667,456.4479167,,,,,,,,,,,,,,,
Thu,356,295.0208333,175.2083333,309.6947368,308.0105263,404.9263158,507,331.8020833,366.46875,480.7083333,399.7291667,,,,,,,,,,,,,,,
Fri,357,326.1458333,174.0416667,310.5368421,311.5263158,405.7263158,507,332.2708333,386.7916667,487.8020833,430.03125,,,,,,,,,,,,,,,
Sat,358,333.4895833,203,307.6421053,309.0736842,408,507,317.8229167,406.09375,508.6770833,459.4791667,,,,,,,,,,,,,,,
Sun,359,326.5,203,311.7684211,312.6210526,419.2947368,507,325.5520833,401.6041667,511.4479167,454.3958333,,,,,,,,,,,,,,,
Mon,360,311.5625,203,293.7052632,291.4842105,385.6421053,507,333.8958333,400.6979167,512.5625,454.65625,,,,,,,,,,,,,,,
Tue,361,336.0729167,203,303.1578947,299.6105263,402.8,507,328.9270833,403.8125,514.5833333,456.3958333,,,,,,,,,,,,,,,
Wed,362,322.9791667,203,306.4315789,309.2736842,404.5368421,507,331.9375,399.4895833,513.8541667,456.0833333,,,,,,,,,,,,,,,
Thu,363,296.5833333,203,310.3157895,307.1263158,405.0736842,507,330.5833333,330.1666667,481.0520833,399.7291667,,,,,,,,,,,,,,,
Fri,364,325.8297872,203,310.6315789,310.9368421,406.6105263,507,332.2708333,385.7340426,486,429.2446809,,,,,,,,,,,,,,,
Sat,365,325.8297872,203,310.6315789,307.4736842,409.1789474,507,317.8229167,385.7340426,578.7407407,429.2446809,,,,,,,,,,,,,,,
